{"cameraMode":{"drawMode":0,"name":"Shaded","section":"Shading Mode"},"sceneLighting":true,"audioPlay":false,"sceneViewState":{"showFog":true,"showMaterialUpdate":false,"showSkybox":true,"showFlares":true,"showImageEffects":true,"showParticleSystems":true,"showVisualEffectGraphs":true,"m_FxEnabled":true},"in2DMode":false,"pivot":{"x":-0.5614059567451477,"y":-3.9245567321777345,"z":6.545961380004883},"rotation":{"x":-0.31906944513320925,"y":0.06334669888019562,"z":-0.02138124406337738,"w":-0.9453799724578857},"size":0.4330126941204071,"orthographic":false}