{"cameraMode":{"drawMode":0,"name":"Shaded","section":"Shading Mode"},"sceneLighting":true,"audioPlay":false,"sceneViewState":{"showFog":true,"showMaterialUpdate":false,"showSkybox":true,"showFlares":true,"showImageEffects":true,"showParticleSystems":true,"showVisualEffectGraphs":true,"m_FxEnabled":true},"in2DMode":false,"pivot":{"x":-1.2921172380447388,"y":-0.09604150056838989,"z":2.9311180114746095},"rotation":{"x":-0.1414957344532013,"y":0.2158350795507431,"z":-0.03162720799446106,"w":-0.9656116962432861},"size":2.2486119270324709,"orthographic":false}